id,dataset,variant,rows,bleu,chrfpp,chrf0,old_bleu,old_chrfpp,delta_old_bleu,delta_old_chrfpp,changed_predictions_vs_old
mbart-baseline,amis_mandarin,normal,575,19.614439864509187,14.054667992760303,18.228756276246767,19.614439864509187,14.054667992760303,0.0,0.0,0
mbart-full,amis_mandarin,normal,575,20.389641979862738,19.0823839997464,18.919481451572274,20.389641979862738,19.0823839997464,0.0,0.0,0
mbart-full::route_off,amis_mandarin,route_off,575,16.460897921545055,16.474378224804095,15.62308559736907,20.389641979862738,19.0823839997464,-3.928744058317683,-2.6080057749423062,515
mbart-lsr,amis_mandarin,normal,575,19.7066865314493,18.616855318654153,18.30727363143716,19.629088095170033,18.575275118599812,0.07759843627926699,0.04158020005434082,15
nllb-baseline,amis_mandarin,normal,575,13.618561067374053,10.499048698161454,13.769982549618796,13.500146229253977,10.438854361979685,0.11841483812007603,0.060194336181769614,80
nllb-full,amis_mandarin,normal,575,14.283543312714782,10.917928026721063,14.327990549010783,14.281958262550013,10.915194380192956,0.001585050164768731,0.0027336465281067035,4
nllb-full::route_off,amis_mandarin,route_off,575,12.917669789040312,10.029871751942594,13.201796866157922,14.281958262550013,10.915194380192956,-1.364288473509701,-0.8853226282503623,496
mt5-baseline,amis_mandarin,normal,575,2.788710051742412,3.8129143092177027,5.055215814920833,2.788710051742412,3.8129143092177027,0.0,0.0,0
mt5-full,amis_mandarin,normal,575,4.59606843110309,5.042505307007543,6.666001633683612,4.59606843110309,5.042505307007543,0.0,0.0,0
mt5-full::route_off,amis_mandarin,route_off,575,4.1383850212050435,4.821535402652964,6.400060223382385,4.59606843110309,5.042505307007543,-0.45768340989804646,-0.22096990435457897,287
mt5-clrr,amis_mandarin,normal,575,4.439347882158104,5.176136865120548,6.844210147795909,4.439347882158104,5.176136865120548,0.0,0.0,0
byt5-baseline,amis_mandarin,normal,575,7.485624981896735,8.297734144912354,9.651806622977222,7.583666538027121,8.305716909720324,-0.09804155613038557,-0.00798276480797,44
byt5-full,amis_mandarin,normal,575,7.31602171342986,8.096632172639545,9.44607086807947,7.310815158633446,8.095554930228657,0.005206554796414409,0.0010772424108882461,7
byt5-full::route_off,amis_mandarin,route_off,575,7.5166020455812985,8.09273955951333,9.441529486098887,7.310815158633446,8.095554930228657,0.20578688694785274,-0.0028153707153268925,437
ash-mbart-baseline,ashaninka_spanish,normal,1003,3.9522437225218803,20.91903308206383,22.305018111078482,4.008525491403604,20.853627641616395,-0.056281768881723426,0.06540544044743513,313
ash-mbart-full,ashaninka_spanish,normal,1003,3.9072043843556847,20.756020749397464,21.96975400391227,3.967090485643168,20.699039452099623,-0.059886101287483395,0.05698129729784185,78
ash-mbart-full::route_off,ashaninka_spanish,route_off,1003,2.8311550878024554,19.0351242623602,20.437526333639035,3.967090485643168,20.699039452099623,-1.1359353978407127,-1.6639151897394235,986
