baseline,challenger,metric,delta,ci_low,ci_high,p_value,p_holm_36
mbart-baseline,mbart-full,bleu,0.7752021153535509,-0.43880900931871675,2.0440905880085074,0.0953904609539046,1.0
mbart-baseline,mbart-full,chrfpp,5.027716006986099,-0.18717205524444575,13.252463364601136,0.12138786121387861,1.0
mbart-baseline,mbart-full,chrf0,0.6907251753255075,-0.23628196716308594,1.66076807975769,0.0694930506949305,1.0
mbart-lsr,mbart-full,bleu,0.6829554484134377,-0.48057445933210613,1.852988160714921,0.10688931106889311,1.0
mbart-lsr,mbart-full,chrfpp,0.4655286810922483,-0.27376155853271483,1.2102115869522088,0.0927907209279072,1.0
mbart-lsr,mbart-full,chrf0,0.6122078201351151,-0.2687812328338623,1.5008955955505372,0.0796920307969203,1.0
nllb-baseline,nllb-full,bleu,0.6649822453407292,-0.3294923583946038,1.7156028509803225,0.08489151084891511,1.0
nllb-baseline,nllb-full,chrfpp,0.4188793285596084,-0.1279285192489624,0.9924190044403076,0.06309369063093691,1.0
nllb-baseline,nllb-full,chrf0,0.5580079993919878,-0.13333871364593503,1.251337075233459,0.050794920507949204,1.0
mt5-baseline,mt5-full,bleu,1.8073583793606778,1.1826213080244705,2.474646159991219,9.999000099990002e-05,0.0035996400359964006
mt5-baseline,mt5-full,chrfpp,1.2295909977898405,0.5180529594421387,1.559081399440765,9.999000099990002e-05,0.0035996400359964006
mt5-baseline,mt5-full,chrf0,1.6107858187627793,1.2587018966674806,1.9804407119750977,9.999000099990002e-05,0.0035996400359964006
mt5-clrr,mt5-full,bleu,0.15672054894498633,-0.37688600501759767,0.7116417560210166,0.20117988201179882,1.0
mt5-clrr,mt5-full,chrfpp,-0.13363155811300498,-0.42682548761367795,0.1223544836044311,0.1331866813318668,1.0
mt5-clrr,mt5-full,chrf0,-0.17820851411229732,-0.5548706293106079,0.16148741245269757,0.12868713128687131,1.0
byt5-baseline,byt5-full,bleu,-0.1696032684668749,-0.886860133712567,0.5265635759840673,0.21987801219878012,1.0
byt5-baseline,byt5-full,chrfpp,-0.20110197227280935,-0.5633840322494507,0.12403520345687857,0.10388961103889612,1.0
byt5-baseline,byt5-full,chrf0,-0.2057357548977521,-0.5988390922546387,0.1512437820434569,0.11228877112288771,1.0
ash-mbart-baseline,ash-mbart-full,bleu,-0.04503933816619554,-0.5494864370394209,0.45568728943405307,0.3267673232676732,1.0
ash-mbart-baseline,ash-mbart-full,chrfpp,-0.16301233266636572,-0.6414692401885986,0.3178298950195311,0.17868213178682132,1.0
ash-mbart-baseline,ash-mbart-full,chrf0,-0.3352641071662106,-0.8167855262756347,0.15601553916931146,0.0744925507449255,1.0
mbart-full::route_off,mbart-full,bleu,3.928744058317683,2.7174879970393695,5.1948374632331085,9.999000099990002e-05,0.0035996400359964006
mbart-full::route_off,mbart-full,chrfpp,2.6080057749423062,1.904979419708252,3.495553088188171,9.999000099990002e-05,0.0035996400359964006
mbart-full::route_off,mbart-full,chrf0,3.2963958542032046,2.39960355758667,4.2335183858871455,9.999000099990002e-05,0.0035996400359964006
nllb-full::route_off,nllb-full,bleu,1.3658735236744697,0.33369446710458,2.7009306487748295,0.016998300169983,0.407959204079592
nllb-full::route_off,nllb-full,chrfpp,0.888056274778469,0.3166183233261109,1.5406214952468862,0.0031996800319968005,0.08319168083191682
nllb-full::route_off,nllb-full,chrf0,1.1261936828528611,0.4142239332199097,1.8910892009735107,0.0011998800119988001,0.032396760323967606
mt5-full::route_off,mt5-full,bleu,0.45768340989804646,0.07186307520944973,0.8816383719736642,0.017998200179982,0.413958604139586
mt5-full::route_off,mt5-full,chrfpp,0.22096990435457897,-0.5736468315124512,0.3979546666145325,0.0770922907709229,1.0
mt5-full::route_off,mt5-full,chrf0,0.26594141030122653,0.029209017753601078,0.49960930347442617,0.014198580141985802,0.35496450354964504
byt5-full::route_off,byt5-full,bleu,-0.20058033215143833,-0.7983050218426682,0.37882249572763815,0.17798220177982202,1.0
byt5-full::route_off,byt5-full,chrfpp,0.0038926131262151387,-0.24209733009338377,0.24090970754623386,0.40835916408359163,1.0
byt5-full::route_off,byt5-full,chrf0,0.004541381980583736,-0.2824475049972534,0.28106238842010467,0.40835916408359163,1.0
ash-mbart-full::route_off,ash-mbart-full,bleu,1.0760492965532293,0.5618636265978625,1.594437979828979,0.00019998000199980003,0.005599440055994401
ash-mbart-full::route_off,ash-mbart-full,chrfpp,1.7208964870372654,1.1380442619323732,2.3297867774963374,9.999000099990002e-05,0.0035996400359964006
ash-mbart-full::route_off,ash-mbart-full,chrf0,1.5322276702732367,0.9262206077575683,2.1768666744232177,9.999000099990002e-05,0.0035996400359964006
