dataset,backbone,method,rows,chrf,exact_matches,empty_predictions,character_length_ratio
amis_mandarin,mBART,Baseline,575,18.228756276246767,16,0,0.9557452189031136
amis_mandarin,mBART,CLRR+LSR,575,18.919481451572274,15,0,0.9589062746957484
amis_mandarin,mBART,CLRR-only,575,17.233093579161572,13,0,0.9715504978662873
amis_mandarin,mBART,LSR-only,575,18.251399268818222,15,0,0.9476845266318951
amis_mandarin,NLLB,Baseline,575,13.689452179077408,6,0,0.9250829777145566
amis_mandarin,NLLB,CLRR+LSR,575,14.324360461849514,6,0,0.9029555871661135
amis_mandarin,mT5,Baseline,575,5.055215814920833,0,0,0.8948948948948949
amis_mandarin,mT5,CLRR+LSR,575,6.666001633683612,0,0,0.8874664137822033
ashaninka_spanish,mBART,Baseline (patience 4),1003,22.307283924238074,0,0,1.1464865803873883
ashaninka_spanish,mBART,"CLRR+LSR (patience 10, selected epoch 14)",1003,22.3409645306491,0,0,1.1534352471119604
amis_mandarin,ByT5,Baseline,575,9.661122495539948,1,0,1.0501027343132607
amis_mandarin,ByT5,CLRR+LSR,575,9.444814085266765,0,0,1.057057057057057
