dataset,backbone,method,prediction_path,historical_metrics_path,rows,bleu,chrfpp,diagnostic_chrfpp_zh,bleu_tokenizer,bleu_signature,chrfpp_signature,prediction_sha256,reference_sha256,stored_bleu,stored_chrfpp,stored_diagnostic_chrfpp_zh,delta_from_stored_bleu,delta_from_stored_chrfpp,status,diagnostic_zh_matches_stored
amis_mandarin,mBART,Baseline,results/analysis/predictions/mbart-large-50-ami-cmn-baseline.csv,results/analysis/old_model_scores.csv,575,19.614439864509187,14.054667992760303,22.722880188649714,zh,nrefs:1|case:mixed|eff:no|tok:zh|smooth:exp|version:2.6.0,nrefs:1|case:mixed|eff:yes|nc:6|nw:2|space:no|version:2.6.0,e192e786d422649e8ee03dc7c1edbf0f47aa557d74546e9e0d1bc2a732828d9a,2e3cea3f9011ef6ee237a437b57a1ac21bd9fae9682473bce00c99a80afde0aa,19.614439864509187,14.054667992760303,,0.0,0.0,VERIFIED_FROM_ALIGNED_SAVED_PREDICTIONS,
amis_mandarin,mBART,CLRR+LSR,results/analysis/predictions/mbart-large-50-ami-cmn-jepa-clrr-enc.csv,results/analysis/old_model_scores.csv,575,20.389641979862738,19.0823839997464,23.586877694723345,zh,nrefs:1|case:mixed|eff:no|tok:zh|smooth:exp|version:2.6.0,nrefs:1|case:mixed|eff:yes|nc:6|nw:2|space:no|version:2.6.0,7a411144fdc70316307172985b6924ad521f9cb3b4d288e968afc7a5c0c414c6,2e3cea3f9011ef6ee237a437b57a1ac21bd9fae9682473bce00c99a80afde0aa,20.389641979862738,19.0823839997464,,0.0,0.0,VERIFIED_FROM_ALIGNED_SAVED_PREDICTIONS,
amis_mandarin,mBART,CLRR-only,results/mbart-large-50/clrr-only/test_predictions.csv,results/mbart-large-50/clrr-only/metrics.json,575,18.4697194429371,13.24427443445707,21.901234099294538,zh,nrefs:1|case:mixed|eff:no|tok:zh|smooth:exp|version:2.6.0,nrefs:1|case:mixed|eff:yes|nc:6|nw:2|space:no|version:2.6.0,9d30a2fdb07854147379a6fc784a93819675a8fe5058530b26c84e5af47576d7,2e3cea3f9011ef6ee237a437b57a1ac21bd9fae9682473bce00c99a80afde0aa,18.4697194429371,13.24427443445707,,0.0,0.0,VERIFIED_FROM_ALIGNED_SAVED_PREDICTIONS,
amis_mandarin,mBART,LSR-only,results/mbart-large-50/lsr-only/test_predictions.csv,results/mbart-large-50/lsr-only/metrics.json,575,19.629088095170033,18.575275118599812,22.796564353100425,zh,nrefs:1|case:mixed|eff:no|tok:zh|smooth:exp|version:2.6.0,nrefs:1|case:mixed|eff:yes|nc:6|nw:2|space:no|version:2.6.0,9eb99189d8cd1b9ca37422a61abdf4d619ece0a42ee8e885a23f93055b0966c0,2e3cea3f9011ef6ee237a437b57a1ac21bd9fae9682473bce00c99a80afde0aa,20.082751495440643,16.06897773515714,,-0.45366340027061014,2.5062973834426714,VERIFIED_FROM_ALIGNED_SAVED_PREDICTIONS,
amis_mandarin,mBART,CLRR-Dec+LSR,results/mbart-large-50/clrr-dec/test_predictions.csv,results/mbart-large-50/clrr-dec/metrics.json,575,19.918762186857276,18.699918251035317,23.11852243155841,zh,nrefs:1|case:mixed|eff:no|tok:zh|smooth:exp|version:2.6.0,nrefs:1|case:mixed|eff:yes|nc:6|nw:2|space:no|version:2.6.0,78b9a76125cf97b93e7ae298155c0a6531121553d2692d94634e2f54a9d4906a,2e3cea3f9011ef6ee237a437b57a1ac21bd9fae9682473bce00c99a80afde0aa,20.398582178984505,16.193865224006256,,-0.47981999212722926,2.5060530270290613,VERIFIED_FROM_ALIGNED_SAVED_PREDICTIONS,
amis_mandarin,mBART,BitFit,results/mbart-large-50/bitfit/test_predictions.csv,results/mbart-large-50/bitfit/metrics.json,575,0.34628509290270376,2.255202807439759,4.440776104726901,zh,nrefs:1|case:mixed|eff:no|tok:zh|smooth:exp|version:2.6.0,nrefs:1|case:mixed|eff:yes|nc:6|nw:2|space:no|version:2.6.0,313e0929ad5012b866649c4bb69712291ee09a5a3942f320b1ad8a4f4a928494,2e3cea3f9011ef6ee237a437b57a1ac21bd9fae9682473bce00c99a80afde0aa,0.3510644118103458,2.8463957321781064,,-0.0047793189076420495,-0.5911929247383472,VERIFIED_FROM_ALIGNED_SAVED_PREDICTIONS,
amis_mandarin,mBART,Narrow LoRA,results/mbart-large-50/lora/test_predictions.csv,results/mbart-large-50/lora/metrics.json,575,3.2364758513183802,4.4213398534216655,8.085751855493742,zh,nrefs:1|case:mixed|eff:no|tok:zh|smooth:exp|version:2.6.0,nrefs:1|case:mixed|eff:yes|nc:6|nw:2|space:no|version:2.6.0,e9f290f93918e1b1bdb8713afea6d667601d5ec7babb0c108fc43cd684345c85,2e3cea3f9011ef6ee237a437b57a1ac21bd9fae9682473bce00c99a80afde0aa,3.3283766331250386,5.158348017657791,,-0.0919007818066584,-0.7370081642361255,VERIFIED_FROM_ALIGNED_SAVED_PREDICTIONS,
amis_mandarin,mBART,Strong LoRA A,results/mbart-large-50-lora-all-linear/test_predictions.csv,results/mbart-large-50-lora-all-linear/metrics.json,575,10.22955252303285,8.63188045805791,15.211848190154454,zh,nrefs:1|case:mixed|eff:no|tok:zh|smooth:exp|version:2.6.0,nrefs:1|case:mixed|eff:yes|nc:6|nw:2|space:no|version:2.6.0,5b95bfc501d7669513b0bdc081ef7b2f79242c09eec0e98364f65b85469a13de,2e3cea3f9011ef6ee237a437b57a1ac21bd9fae9682473bce00c99a80afde0aa,10.419279265557499,9.800806870941505,,-0.18972674252464827,-1.1689264128835948,VERIFIED_FROM_ALIGNED_SAVED_PREDICTIONS,
amis_mandarin,mBART,Strong LoRA B,results/mbart-large-50-lora-all-linear-unfreeze-embed/test_predictions.csv,results/mbart-large-50-lora-all-linear-unfreeze-embed/metrics.json,575,13.806636730562449,10.329273055770976,17.6304236261319,zh,nrefs:1|case:mixed|eff:no|tok:zh|smooth:exp|version:2.6.0,nrefs:1|case:mixed|eff:yes|nc:6|nw:2|space:no|version:2.6.0,cba0f380c9dd987d8972b78350edd55a1798ed3f3f27e7748969d78920367952,2e3cea3f9011ef6ee237a437b57a1ac21bd9fae9682473bce00c99a80afde0aa,14.043191415300335,11.490106965542608,,-0.23655468473788588,-1.1608339097716325,VERIFIED_FROM_ALIGNED_SAVED_PREDICTIONS,
amis_mandarin,NLLB,Strong LoRA A,results/nllb-200/nllb-200-lora-all-linear/test_predictions.csv,results/nllb-200/nllb-200-lora-all-linear/metrics.json,575,11.462464041744377,9.500394006230112,16.63141008960882,zh,nrefs:1|case:mixed|eff:no|tok:zh|smooth:exp|version:2.6.0,nrefs:1|case:mixed|eff:yes|nc:6|nw:2|space:no|version:2.6.0,440b8bd38beffb3c5d4e7bef8b69db5e31229860a8b066f9b0ea636e06bdce16,2e3cea3f9011ef6ee237a437b57a1ac21bd9fae9682473bce00c99a80afde0aa,11.462464041744377,9.500394006230112,16.63141008960882,0.0,0.0,VERIFIED_FROM_ALIGNED_SAVED_PREDICTIONS,True
amis_mandarin,NLLB,Strong LoRA B,results/nllb-200/nllb-200-lora-all-linear-unfreeze-embed/test_predictions.csv,results/nllb-200/nllb-200-lora-all-linear-unfreeze-embed/metrics.json,575,9.802402158928594,8.400950051737045,14.81307590908697,zh,nrefs:1|case:mixed|eff:no|tok:zh|smooth:exp|version:2.6.0,nrefs:1|case:mixed|eff:yes|nc:6|nw:2|space:no|version:2.6.0,901ccdf3d6536ae307c17e9fc9e49fecf54e151bf2309a7257ec85a2cb4b11d6,2e3cea3f9011ef6ee237a437b57a1ac21bd9fae9682473bce00c99a80afde0aa,9.80240215892859,8.400950051737045,14.81307590908697,3.552713678800501e-15,0.0,VERIFIED_FROM_ALIGNED_SAVED_PREDICTIONS,True
amis_mandarin,mBART,Middle-Layer Alignment,outputs_rebuttal\metric_audit_20261002\mbart_middle_align_predictions.csv,results/mbart-large-50/middle-align/metrics.json,575,19.289283992197944,18.437820048961946,22.619110101723745,zh,nrefs:1|case:mixed|eff:no|tok:zh|smooth:exp|version:2.6.0,nrefs:1|case:mixed|eff:yes|nc:6|nw:2|space:no|version:2.6.0,738c97bcbfbad80777b8b337e17a963db64d80d616fa2ed4f2adf474abb5066f,2e3cea3f9011ef6ee237a437b57a1ac21bd9fae9682473bce00c99a80afde0aa,19.724321324084165,15.525257452735413,,-0.43503733188622107,2.9125625962265325,VERIFIED_FROM_ALIGNED_SAVED_PREDICTIONS,
amis_mandarin,NLLB,Baseline,outputs_rebuttal\metric_audit_20261002\remote_nllb_reports\content\CLRR\results\nllb-200\baseline\test_predictions.csv,outputs_rebuttal\metric_audit_20261002\remote_nllb_reports\content\CLRR\results\nllb-200\baseline\metrics.json,575,13.500146229253977,10.438854361979685,18.088532605347186,zh,nrefs:1|case:mixed|eff:no|tok:zh|smooth:exp|version:2.6.0,nrefs:1|case:mixed|eff:yes|nc:6|nw:2|space:no|version:2.6.0,63036b43d55c64085ca9135a053ba4cb323b57bc59444e0ec55cadf1d7b1ab68,2e3cea3f9011ef6ee237a437b57a1ac21bd9fae9682473bce00c99a80afde0aa,13.500146229253977,10.438854361979685,18.088532605347186,0.0,0.0,VERIFIED_FROM_ALIGNED_SAVED_PREDICTIONS,True
amis_mandarin,NLLB,CLRR+LSR,outputs_rebuttal\metric_audit_20261002\remote_nllb_reports\content\CLRR\results\nllb-200\clrr_enc\test_predictions.csv,outputs_rebuttal\metric_audit_20261002\remote_nllb_reports\content\CLRR\results\nllb-200\clrr_enc\metrics.json,575,14.281958262550013,10.915194380192956,18.748166836466247,zh,nrefs:1|case:mixed|eff:no|tok:zh|smooth:exp|version:2.6.0,nrefs:1|case:mixed|eff:yes|nc:6|nw:2|space:no|version:2.6.0,731a8b2e4a40a62ffb5d76166ddc3c4c2c8620df6a7cbe9a7306eed4d5424a1f,2e3cea3f9011ef6ee237a437b57a1ac21bd9fae9682473bce00c99a80afde0aa,14.281958262550013,10.915194380192956,18.748166836466247,0.0,0.0,VERIFIED_FROM_ALIGNED_SAVED_PREDICTIONS,True
amis_mandarin,NLLB,CLRR-Dec+LSR,outputs_rebuttal\metric_audit_20261002\remote_nllb_reports\content\CLRR\results\nllb-200\clrr_dec\test_predictions.csv,outputs_rebuttal\metric_audit_20261002\remote_nllb_reports\content\CLRR\results\nllb-200\clrr_dec\metrics.json,575,13.419354415938905,10.455877495623549,18.02740523218199,zh,nrefs:1|case:mixed|eff:no|tok:zh|smooth:exp|version:2.6.0,nrefs:1|case:mixed|eff:yes|nc:6|nw:2|space:no|version:2.6.0,c9c3eb688eabac67949d2fd5af36789000019db3c8a6d150df286927c58d1b90,2e3cea3f9011ef6ee237a437b57a1ac21bd9fae9682473bce00c99a80afde0aa,13.419354415938912,10.455877495623549,18.02740523218199,-7.105427357601002e-15,0.0,VERIFIED_FROM_ALIGNED_SAVED_PREDICTIONS,True
amis_mandarin,NLLB,Middle-Layer Alignment,outputs_rebuttal\metric_audit_20261002\remote_nllb_reports\content\CLRR\results\nllb-200\middle_align\test_predictions.csv,outputs_rebuttal\metric_audit_20261002\remote_nllb_reports\content\CLRR\results\nllb-200\middle_align\metrics.json,575,13.964781812018156,10.659604323521558,18.44476369249674,zh,nrefs:1|case:mixed|eff:no|tok:zh|smooth:exp|version:2.6.0,nrefs:1|case:mixed|eff:yes|nc:6|nw:2|space:no|version:2.6.0,4285842935b364519df337e3e8b6004e58c459ec219c4b9d2fa325a051d5f32e,2e3cea3f9011ef6ee237a437b57a1ac21bd9fae9682473bce00c99a80afde0aa,13.964781812018156,10.659604323521558,18.44476369249674,0.0,0.0,VERIFIED_FROM_ALIGNED_SAVED_PREDICTIONS,True
amis_mandarin,NLLB,BitFit,outputs_rebuttal\metric_audit_20261002\remote_nllb_reports\content\CLRR\results\nllb-200\bitfit\test_predictions.csv,outputs_rebuttal\metric_audit_20261002\remote_nllb_reports\content\CLRR\results\nllb-200\bitfit\metrics.json,575,1.0750353847847507,2.964280533631622,5.708075448577537,zh,nrefs:1|case:mixed|eff:no|tok:zh|smooth:exp|version:2.6.0,nrefs:1|case:mixed|eff:yes|nc:6|nw:2|space:no|version:2.6.0,b71904236f3cb688d451aba7634c9282a3baa7ac7002a085e748a3274f6f28d5,2e3cea3f9011ef6ee237a437b57a1ac21bd9fae9682473bce00c99a80afde0aa,1.075035384784751,2.964280533631622,5.708075448577537,-2.220446049250313e-16,0.0,VERIFIED_FROM_ALIGNED_SAVED_PREDICTIONS,True
amis_mandarin,NLLB,Narrow LoRA,outputs_rebuttal\metric_audit_20261002\remote_nllb_reports\content\CLRR\results\nllb-200\lora\test_predictions.csv,outputs_rebuttal\metric_audit_20261002\remote_nllb_reports\content\CLRR\results\nllb-200\lora\metrics.json,575,3.5382949410953413,4.940692825613391,9.165071317120631,zh,nrefs:1|case:mixed|eff:no|tok:zh|smooth:exp|version:2.6.0,nrefs:1|case:mixed|eff:yes|nc:6|nw:2|space:no|version:2.6.0,2b4774036aacdbafa8476cfa693009dc93ef948944a7bd84ae029f32ab06837d,2e3cea3f9011ef6ee237a437b57a1ac21bd9fae9682473bce00c99a80afde0aa,3.5382949410953413,4.940692825613391,9.165071317120631,0.0,0.0,VERIFIED_FROM_ALIGNED_SAVED_PREDICTIONS,True
amis_mandarin,mT5,Baseline,results/analysis/predictions/mt5-small-ami-cmn-baseline.csv,,575,2.788710051742412,3.8129143092177027,7.397552615474669,zh,nrefs:1|case:mixed|eff:no|tok:zh|smooth:exp|version:2.6.0,nrefs:1|case:mixed|eff:yes|nc:6|nw:2|space:no|version:2.6.0,7cd846736b27607828313c0407a5cfc8ea63db6049ee2295fe0271c31a4c2a6e,2e3cea3f9011ef6ee237a437b57a1ac21bd9fae9682473bce00c99a80afde0aa,,,,,,VERIFIED_FROM_ALIGNED_SAVED_PREDICTIONS,
amis_mandarin,mT5,CLRR-only,results/analysis/predictions/mt5-small-ami-cmn-clrr-enc.csv,,575,4.439347882158104,5.176136865120548,9.629293510287965,zh,nrefs:1|case:mixed|eff:no|tok:zh|smooth:exp|version:2.6.0,nrefs:1|case:mixed|eff:yes|nc:6|nw:2|space:no|version:2.6.0,4df1724596116a1e8608cfbe90c3f847ca6ed51c295677d1420ef00abc95d973,2e3cea3f9011ef6ee237a437b57a1ac21bd9fae9682473bce00c99a80afde0aa,,,,,,VERIFIED_FROM_ALIGNED_SAVED_PREDICTIONS,
amis_mandarin,mT5,CLRR+LSR,results/analysis/predictions/mt5-small-ami-cmn-jepa-clrr-enc.csv,,575,4.59606843110309,5.042505307007543,9.431414524127057,zh,nrefs:1|case:mixed|eff:no|tok:zh|smooth:exp|version:2.6.0,nrefs:1|case:mixed|eff:yes|nc:6|nw:2|space:no|version:2.6.0,5451b0c64671ba8bbfade0a74e7d78bfe327752f2caea94a6fcecb8adfb6441c,2e3cea3f9011ef6ee237a437b57a1ac21bd9fae9682473bce00c99a80afde0aa,,,,,,VERIFIED_FROM_ALIGNED_SAVED_PREDICTIONS,
amis_mandarin,mT5,CLRR-Dec+LSR,outputs_rebuttal\metric_audit_20261002\remote_mt5_reports\mt5-dec-predictions.csv,outputs_rebuttal\metric_audit_20261002\remote_mt5_reports\mt5-dec-metrics.json,575,4.831461562911431,5.193257539288503,9.660441328659402,zh,nrefs:1|case:mixed|eff:no|tok:zh|smooth:exp|version:2.6.0,nrefs:1|case:mixed|eff:yes|nc:6|nw:2|space:no|version:2.6.0,1fcb57502d87b8cc8bba054562e024f431f7e4a895e10961ee6132464e651e08,2e3cea3f9011ef6ee237a437b57a1ac21bd9fae9682473bce00c99a80afde0aa,4.925736422809917,5.921443126141787,,-0.09427485989848616,-0.728185586853284,VERIFIED_FROM_ALIGNED_SAVED_PREDICTIONS,
amis_mandarin,mT5,CLRR-Both+LSR,outputs_rebuttal\metric_audit_20261002\remote_mt5_reports\mt5-both-predictions.csv,outputs_rebuttal\metric_audit_20261002\remote_mt5_reports\mt5-both-metrics.json,575,3.445918973846962,4.575295009869316,8.454177476794063,zh,nrefs:1|case:mixed|eff:no|tok:zh|smooth:exp|version:2.6.0,nrefs:1|case:mixed|eff:yes|nc:6|nw:2|space:no|version:2.6.0,141d17faafd5d1f6e7644d6119fcc3090cea8884691995370fc3f6540f440f34,2e3cea3f9011ef6ee237a437b57a1ac21bd9fae9682473bce00c99a80afde0aa,3.4950636367396757,5.283714733317629,,-0.049144662892713686,-0.7084197234483129,VERIFIED_FROM_ALIGNED_SAVED_PREDICTIONS,
amis_mandarin,mT5,Middle-Layer Alignment,outputs_rebuttal\metric_audit_20261002\remote_mt5_reports\mt5-middle-predictions.csv,outputs_rebuttal\metric_audit_20261002\remote_mt5_reports\mt5-middle-metrics.json,575,4.662529338022565,5.210324652897078,9.734616486900887,zh,nrefs:1|case:mixed|eff:no|tok:zh|smooth:exp|version:2.6.0,nrefs:1|case:mixed|eff:yes|nc:6|nw:2|space:no|version:2.6.0,4496a9eb169abf88b16c671378ab91895166c01c5a96397c87021b78cee22c24,2e3cea3f9011ef6ee237a437b57a1ac21bd9fae9682473bce00c99a80afde0aa,4.749760140805978,5.937319949638067,,-0.087230802783413,-0.7269952967409896,VERIFIED_FROM_ALIGNED_SAVED_PREDICTIONS,
ashaninka_spanish,mBART,Baseline (patience 4),results/ashaninka_spanish/mbart-ashaninka-es-baseline/test_predictions.csv,results/ashaninka_spanish/mbart-ashaninka-es-baseline/metrics.json,1003,4.008525491403604,20.853627641616395,,13a,nrefs:1|case:mixed|eff:no|tok:13a|smooth:exp|version:2.6.0,nrefs:1|case:mixed|eff:yes|nc:6|nw:2|space:no|version:2.6.0,64119f5a81918eea7edaf3623f3cc20d182c90afd4543e5a55a550aa94a4c043,e2232da892f0fed6c5f6572aff8dbeae11e0d1eff3757b7144ea303fb74cd36e,4.008525491403604,20.853627641616395,,0.0,0.0,VERIFIED_FROM_ALIGNED_SAVED_PREDICTIONS,
ashaninka_spanish,mBART,CLRR+LSR (patience 4),results/ashaninka_spanish/mbart-ashaninka-es-clrr-enc/test_predictions.csv,results/ashaninka_spanish/mbart-ashaninka-es-clrr-enc/metrics.json,1003,3.967090485643168,20.699039452099623,,13a,nrefs:1|case:mixed|eff:no|tok:13a|smooth:exp|version:2.6.0,nrefs:1|case:mixed|eff:yes|nc:6|nw:2|space:no|version:2.6.0,ef65898979499f23758a8f32657e1d9502a8b25c77e3f33d26f70ab924706e00,e2232da892f0fed6c5f6572aff8dbeae11e0d1eff3757b7144ea303fb74cd36e,3.9670904856431672,20.699039452099623,,8.881784197001252e-16,0.0,VERIFIED_FROM_ALIGNED_SAVED_PREDICTIONS,
ashaninka_spanish,NLLB,Baseline (epoch 20),results/ashaninka_spanish/nllb-ashaninka-es-baseline/test_predictions.csv,results/ashaninka_spanish/nllb-ashaninka-es-baseline/metrics.json,1003,3.85942915859025,20.417630968515734,,13a,nrefs:1|case:mixed|eff:no|tok:13a|smooth:exp|version:2.6.0,nrefs:1|case:mixed|eff:yes|nc:6|nw:2|space:no|version:2.6.0,c2c9e7074d68090579c276860e72c9f4bf23e4b074d917e4466d99332acdb528,e2232da892f0fed6c5f6572aff8dbeae11e0d1eff3757b7144ea303fb74cd36e,3.85942915859025,20.417630968515734,,0.0,0.0,VERIFIED_FROM_ALIGNED_SAVED_PREDICTIONS,
ashaninka_spanish,mBART,"CLRR+LSR (patience 10, selected epoch 14)",results/ashaninka_patience10/runs/mbart-ashaninka-es-clrr-enc/test_predictions.csv,results/ashaninka_patience10/runs/mbart-ashaninka-es-clrr-enc/metrics.json,1003,3.7969526121140733,20.975283238139824,,13a,nrefs:1|case:mixed|eff:no|tok:13a|smooth:exp|version:2.6.0,nrefs:1|case:mixed|eff:yes|nc:6|nw:2|space:no|version:2.6.0,a435cecb25a8d011c7cdbca1b258e5fdf54dfa948540a580ee98c90b94f17878,e2232da892f0fed6c5f6572aff8dbeae11e0d1eff3757b7144ea303fb74cd36e,3.796952612114073,20.975283238139824,,4.440892098500626e-16,0.0,VERIFIED_FROM_ALIGNED_SAVED_PREDICTIONS,
ashaninka_spanish,mBART,"CLRR+LSR (patience 10, fixed epoch 20)",results/ashaninka_patience10/epoch20/mbart-ashaninka-es-clrr-enc-epoch20/test_predictions.csv,results/ashaninka_patience10/epoch20/mbart-ashaninka-es-clrr-enc-epoch20/metrics.json,1003,4.0948832768456125,20.958774160834572,,13a,nrefs:1|case:mixed|eff:no|tok:13a|smooth:exp|version:2.6.0,nrefs:1|case:mixed|eff:yes|nc:6|nw:2|space:no|version:2.6.0,672c4ec7e074a5b0639c2c48e738177c3fd512620c4b19ec489dc002959293e9,e2232da892f0fed6c5f6572aff8dbeae11e0d1eff3757b7144ea303fb74cd36e,4.094883276845612,20.958774160834572,,8.881784197001252e-16,0.0,VERIFIED_FROM_ALIGNED_SAVED_PREDICTIONS,
amis_mandarin,ByT5,Baseline,outputs_rebuttal/metric_audit_20261002/full/historical_predictions/ByT5-Baseline.csv,,575,7.583666538027121,8.305716909720324,,zh,nrefs:1|case:mixed|eff:no|tok:zh|smooth:exp|version:2.6.0,nrefs:1|case:mixed|eff:yes|nc:6|nw:2|space:no|version:2.6.0,5b06e166d603d83669a4934ef2b5f87cf2f0e5e404ba6323f5ca41a6cae4abeb,2e3cea3f9011ef6ee237a437b57a1ac21bd9fae9682473bce00c99a80afde0aa,,,,,,VERIFIED_FROM_ALIGNED_SAVED_PREDICTIONS,
amis_mandarin,ByT5,CLRR+LSR,outputs_rebuttal/metric_audit_20261002/full/historical_predictions/ByT5-CLRR+LSR.csv,,575,7.310815158633446,8.095554930228657,,zh,nrefs:1|case:mixed|eff:no|tok:zh|smooth:exp|version:2.6.0,nrefs:1|case:mixed|eff:yes|nc:6|nw:2|space:no|version:2.6.0,d721f99e0eac81167cdfe7b27785fe868191cd02028305f06cec5bf0cf30ae3c,2e3cea3f9011ef6ee237a437b57a1ac21bd9fae9682473bce00c99a80afde0aa,,,,,,VERIFIED_FROM_ALIGNED_SAVED_PREDICTIONS,
amis_mandarin,ByT5,CLRR-Dec+LSR,outputs_rebuttal/metric_audit_20261002/full/historical_predictions/ByT5-CLRR-Dec+LSR.csv,,575,7.439418507223576,8.062955067252458,,zh,nrefs:1|case:mixed|eff:no|tok:zh|smooth:exp|version:2.6.0,nrefs:1|case:mixed|eff:yes|nc:6|nw:2|space:no|version:2.6.0,ec89abc26e27d70d54e7ecdc5b1196743543b0bff1fc91ddd2b64c90c1a946f4,2e3cea3f9011ef6ee237a437b57a1ac21bd9fae9682473bce00c99a80afde0aa,,,,,,VERIFIED_FROM_ALIGNED_SAVED_PREDICTIONS,
amis_mandarin,ByT5,LayerSkip,outputs_rebuttal/metric_audit_20261002/full/historical_predictions/ByT5-LayerSkip.csv,,575,2.553348110458502,4.856777706986477,,zh,nrefs:1|case:mixed|eff:no|tok:zh|smooth:exp|version:2.6.0,nrefs:1|case:mixed|eff:yes|nc:6|nw:2|space:no|version:2.6.0,c0ed64efe37d377896b40624d2d9c6d5d2a822ccf087eccd39cda2b3b6312ca2,2e3cea3f9011ef6ee237a437b57a1ac21bd9fae9682473bce00c99a80afde0aa,,,,,,VERIFIED_FROM_ALIGNED_SAVED_PREDICTIONS,
amis_mandarin,ByT5,Middle-Layer Alignment,outputs_rebuttal/metric_audit_20261002/full/historical_predictions/ByT5-Middle-Layer-Alignment.csv,,575,7.5659742156337,8.341379844556513,,zh,nrefs:1|case:mixed|eff:no|tok:zh|smooth:exp|version:2.6.0,nrefs:1|case:mixed|eff:yes|nc:6|nw:2|space:no|version:2.6.0,a0a381df849c0db9c6fe1c1c8124592da48b05eb2ac2253859dcc2c31685f8fc,2e3cea3f9011ef6ee237a437b57a1ac21bd9fae9682473bce00c99a80afde0aa,,,,,,VERIFIED_FROM_ALIGNED_SAVED_PREDICTIONS,
amis_mandarin,mT5,LayerSkip,outputs_rebuttal/metric_audit_20261002/full/historical_predictions/mT5-LayerSkip.csv,,575,3.929155385888967,4.584510989997513,,zh,nrefs:1|case:mixed|eff:no|tok:zh|smooth:exp|version:2.6.0,nrefs:1|case:mixed|eff:yes|nc:6|nw:2|space:no|version:2.6.0,dd0e9c97898aac721d4f5947847dbdd593c49a71cddf6bf737dd8b34f6c0ce92,2e3cea3f9011ef6ee237a437b57a1ac21bd9fae9682473bce00c99a80afde0aa,,,,,,VERIFIED_FROM_ALIGNED_SAVED_PREDICTIONS,
amis_mandarin,mBART,LayerSkip,outputs_rebuttal/metric_audit_20261002/full/historical_predictions/mBART-LayerSkip.csv,,575,18.75058459799864,18.107867272763208,,zh,nrefs:1|case:mixed|eff:no|tok:zh|smooth:exp|version:2.6.0,nrefs:1|case:mixed|eff:yes|nc:6|nw:2|space:no|version:2.6.0,8b19353b7a7d7cf855b26a636696935e6680a5f6ef3bedadec7110cdba867832,2e3cea3f9011ef6ee237a437b57a1ac21bd9fae9682473bce00c99a80afde0aa,,,,,,VERIFIED_FROM_ALIGNED_SAVED_PREDICTIONS,
