dataset,backbone,baseline,challenger,metric,delta,delta_ci_low,delta_ci_high,p_value,p_value_holm
amis_mandarin,mBART,Baseline,CLRR+LSR,BLEU,0.7752021153535509,-0.43880900931871675,2.0440905880085074,0.0953904609539046,1.0
amis_mandarin,mBART,Baseline,CLRR+LSR,chrF++,5.027716006986099,-0.18717205524444575,13.252463364601136,0.12138786121387861,1.0
amis_mandarin,mBART,LSR-only,CLRR+LSR,BLEU,0.7605538846927047,-0.40863741205973936,1.923689803712542,0.0887911208879112,1.0
amis_mandarin,mBART,LSR-only,CLRR+LSR,chrF++,0.5071088811465891,-0.23159000873565672,1.2522049188613888,0.07979202079792021,1.0
amis_mandarin,mBART,CLRR-only,CLRR+LSR,BLEU,1.919922536925636,0.8183199973894874,3.0558182612221327,0.0005999400059994001,0.013798620137986202
amis_mandarin,mBART,CLRR-only,CLRR+LSR,chrF++,5.838109565289331,0.765015983581543,14.034130930900574,0.0999900009999,1.0
amis_mandarin,mBART,Middle-Layer Alignment,CLRR+LSR,BLEU,1.1003579876647933,-0.06433555278506142,2.260177362708251,0.029197080291970802,0.6131386861313869
amis_mandarin,mBART,Middle-Layer Alignment,CLRR+LSR,chrF++,0.6445639507844554,-0.05278663635253906,1.3660637617111206,0.0332966703329667,0.6659334066593341
amis_mandarin,mBART,CLRR-Dec+LSR,CLRR+LSR,BLEU,0.47087979300546223,-0.5804364278946812,1.5742525252247466,0.147985201479852,1.0
amis_mandarin,mBART,CLRR-Dec+LSR,CLRR+LSR,chrF++,0.3824657487110841,-0.24005274772644042,1.0502230167388908,0.103989601039896,1.0
amis_mandarin,mBART,BitFit,CLRR+LSR,BLEU,20.043356886960034,18.06959711219475,22.086454282845494,9.999000099990002e-05,0.004199580041995801
amis_mandarin,mBART,BitFit,CLRR+LSR,chrF++,16.827181192306643,11.341608649492263,25.015803188085556,9.999000099990002e-05,0.004199580041995801
amis_mandarin,mBART,Narrow LoRA,CLRR+LSR,BLEU,17.153166128544356,15.17660417248583,19.22103351838403,9.999000099990002e-05,0.004199580041995801
amis_mandarin,mBART,Narrow LoRA,CLRR+LSR,chrF++,14.661044146324736,9.21546037197113,23.13501180410385,9.999000099990002e-05,0.004199580041995801
amis_mandarin,mBART,Strong LoRA A,CLRR+LSR,BLEU,10.160089456829887,8.285976008534755,12.147633944665477,9.999000099990002e-05,0.004199580041995801
amis_mandarin,mBART,Strong LoRA A,CLRR+LSR,chrF++,10.45050354168849,5.035324048995972,18.86323752403259,0.00019998000199980003,0.005199480051994801
amis_mandarin,mBART,Strong LoRA B,CLRR+LSR,BLEU,6.583005249300289,4.981544434251876,8.231375953429271,9.999000099990002e-05,0.004199580041995801
amis_mandarin,mBART,Strong LoRA B,CLRR+LSR,chrF++,8.753110943975425,3.4416669845581054,15.606897211074829,0.00039996000399960006,0.009599040095990401
amis_mandarin,NLLB,Baseline,CLRR+LSR,BLEU,0.7818120332960365,-0.2288113344057377,1.7849261249476511,0.05729427057294271,1.0
amis_mandarin,NLLB,Baseline,CLRR+LSR,chrF++,0.4763400182132713,-0.0681671380996704,1.0551721572875974,0.04659534046595341,0.8853114688531147
amis_mandarin,NLLB,Middle-Layer Alignment,CLRR+LSR,BLEU,0.31717645053185706,-0.7609796913021798,1.3797660601259603,0.19088091190880913,1.0
amis_mandarin,NLLB,Middle-Layer Alignment,CLRR+LSR,chrF++,0.255590056671398,-0.31160409450531007,0.839705181121826,0.14078592140785923,1.0
amis_mandarin,NLLB,Narrow LoRA,CLRR+LSR,BLEU,10.743663321454672,9.255809656753486,12.283671654708545,9.999000099990002e-05,0.004199580041995801
amis_mandarin,NLLB,Narrow LoRA,CLRR+LSR,chrF++,5.9745015545795646,5.248503565788269,7.245827364921569,9.999000099990002e-05,0.004199580041995801
amis_mandarin,NLLB,Strong LoRA A,CLRR+LSR,BLEU,2.8194942208056357,1.4846646932333212,4.116864613789382,9.999000099990002e-05,0.004199580041995801
amis_mandarin,NLLB,Strong LoRA A,CLRR+LSR,chrF++,1.4148003739628443,0.7610764503479004,2.1692658424377442,0.00029997000299970003,0.007499250074992501
amis_mandarin,NLLB,Strong LoRA B,CLRR+LSR,BLEU,4.4795561036214195,3.109732205137164,5.878615479110811,9.999000099990002e-05,0.004199580041995801
amis_mandarin,NLLB,Strong LoRA B,CLRR+LSR,chrF++,2.514244328455911,1.8152583360671997,3.3643051862716673,9.999000099990002e-05,0.004199580041995801
amis_mandarin,mT5,Baseline,CLRR-Dec+LSR,BLEU,2.042751511169019,1.353033242437099,2.76289312381422,9.999000099990002e-05,0.004199580041995801
amis_mandarin,mT5,Baseline,CLRR-Dec+LSR,chrF++,1.3803432300708,0.6402788400650025,1.7662841022014617,9.999000099990002e-05,0.004199580041995801
amis_mandarin,mT5,Middle-Layer Alignment,CLRR-Dec+LSR,BLEU,0.1689322248888665,-0.3510901502095166,0.7040839556118276,0.1812818718128187,1.0
amis_mandarin,mT5,Middle-Layer Alignment,CLRR-Dec+LSR,chrF++,-0.017067113608574935,-0.24874244928359984,0.21754171848297119,0.34326567343265674,1.0
amis_mandarin,mT5,Baseline,CLRR+LSR,BLEU,1.8073583793606778,1.1826213080244705,2.474646159991219,9.999000099990002e-05,0.004199580041995801
amis_mandarin,mT5,Baseline,CLRR+LSR,chrF++,1.2295909977898405,0.5180529594421387,1.559081399440765,9.999000099990002e-05,0.004199580041995801
amis_mandarin,mT5,CLRR+LSR,CLRR-Both+LSR,BLEU,-1.150149457256128,-1.7066323973273292,-0.6726816364168738,9.999000099990002e-05,0.004199580041995801
amis_mandarin,mT5,CLRR+LSR,CLRR-Both+LSR,chrF++,-0.4672102971382275,-0.7534284472465516,-0.2068311929702759,0.0012998700129987,0.0285971402859714
ashaninka_spanish,mBART,Baseline (patience 4),CLRR+LSR (patience 4),BLEU,-0.04143500576043557,-0.5238240915792719,0.4389460978966545,0.3360663933606639,1.0
ashaninka_spanish,mBART,Baseline (patience 4),CLRR+LSR (patience 4),chrF++,-0.15458818951677245,-0.655649995803833,0.33867578506469725,0.18298170182981702,1.0
ashaninka_spanish,mBART,Baseline (patience 4),"CLRR+LSR (patience 10, selected epoch 14)",BLEU,-0.2115728792895304,-0.7273998003688599,0.28255702099741126,0.15008499150084992,1.0
ashaninka_spanish,mBART,Baseline (patience 4),"CLRR+LSR (patience 10, selected epoch 14)",chrF++,0.1216555965234285,-0.36667532920837403,0.5960040569305418,0.22037796220377961,1.0
ashaninka_spanish,mBART,Baseline (patience 4),"CLRR+LSR (patience 10, fixed epoch 20)",BLEU,0.08635778544200878,-0.3886184833967784,0.5810553764996258,0.2618738126187381,1.0
ashaninka_spanish,mBART,Baseline (patience 4),"CLRR+LSR (patience 10, fixed epoch 20)",chrF++,0.1051465192181773,-0.38015055656433105,0.5652662754058836,0.23717628237176283,1.0
