seed,baseline,challenger,metric,delta,ci_low,ci_high,p_value,p_holm24
42,baseline,full,BLEU,0.22849237098278508,-0.9067682571935476,1.403436717015493,0.24737526247375263,1.0
42,baseline,full,chrF++,0.1739731486906848,-0.5179315567016601,0.903641653060913,0.2186781321867813,1.0
42,lsr,full,BLEU,0.1700781611442359,-0.8879382725928098,1.2021209331240978,0.2673732626737326,1.0
42,lsr,full,chrF++,0.2080662709580956,-0.42088201045989987,0.8301305770874017,0.1817818218178182,1.0
42,baseline,clrr,BLEU,-0.08778861422910111,-1.0544548217072187,0.89003481355051,0.32626737326267374,1.0
42,baseline,clrr,chrF++,-0.14994061098921563,-0.7655657768249512,0.4469786167144775,0.21247875212478753,1.0
42,clrr,full,BLEU,0.3162809852118862,-0.782814726153773,1.4390631490593049,0.1972802719728027,1.0
42,clrr,full,chrF++,0.32391375967990044,-0.37395381927490234,1.0663678169250486,0.1377862213778622,1.0
43,baseline,full,BLEU,1.4744285731177094,0.21969593565082896,2.8326345868639238,0.0163983601639836,0.3935606439356064
43,baseline,full,chrF++,5.316156874995595,0.09010281562805178,13.638118076324462,0.11678832116788321,1.0
43,lsr,full,BLEU,0.12431983115307688,-0.9306490017377873,1.171116324755773,0.30416958304169583,1.0
43,lsr,full,chrF++,-0.17345124757012798,-0.8887346982955933,0.5134550571441646,0.2161783821617838,1.0
43,baseline,clrr,BLEU,0.8041894552388058,-0.3800955224131249,2.0662795306044,0.08839116088391161,1.0
43,baseline,clrr,chrF++,4.923131056018551,-0.2967717885971069,13.202244067192078,0.1287871212878712,1.0
43,clrr,full,BLEU,0.6702391178789036,-0.3000937105302726,1.6502051159241213,0.0765923407659234,1.0
43,clrr,full,chrF++,0.39302581897704414,-0.1899172306060791,0.9954442262649534,0.0847915208479152,1.0
44,baseline,full,BLEU,-0.5628811465012333,-1.7445262263827925,0.6293477420976482,0.128987101289871,1.0
44,baseline,full,chrF++,-0.2951900409399464,-1.034940242767334,0.4479872226715087,0.1526847315268473,1.0
44,lsr,full,BLEU,0.4087158708900773,-0.6298661022609094,1.4882730411528529,0.15928407159284072,1.0
44,lsr,full,chrF++,0.2432121867182211,-0.40735630989074706,0.9060240268707274,0.16668333166683333,1.0
44,baseline,clrr,BLEU,-0.15156604329515488,-1.3730197723552948,1.0851017833044023,0.3027697230276972,1.0
44,baseline,clrr,chrF++,0.003794907369506717,-0.7433539628982544,0.7715095520019531,0.4136586341365863,1.0
44,clrr,full,BLEU,-0.41131510320607845,-1.618122546879539,0.7830511914150838,0.17348265173482652,1.0
44,clrr,full,chrF++,-0.2989849483094531,-1.0437149047851562,0.4224397659301758,0.15658434156584342,1.0
