seed,method,BLEU,chrF++,best_checkpoint,completed_epochs,training_seconds_including_probes,prediction_sha256
42,baseline,19.728081433402032,18.713838023321145,recovered selected best; original selected step unavailable,20,,4a53fc044641487438750047f37fc63689cf4ad12d28d4ad02fffe882bde9d75
42,lsr,19.78649564324058,18.679744901053734,/content/clrr_diagnostics/project/outputs_rebuttal/amis_confirmation_20261003/runs/mbart-amis-lsr-seed42/checkpoint-576,20.0,1254.841394662857,867bfd07d7ab0f564767e5c1d80c9bce971fdcdcebf6ce2841b24ae9787bd19a
42,clrr,19.64029281917293,18.56389741233193,/content/clrr_diagnostics/project/outputs_rebuttal/amis_confirmation_20261003/runs/mbart-amis-clrr-seed42/checkpoint-504,18.0,1094.727647304535,651d67e2f41c4721167f8ed2311f8bfff014d5fb6f1f91286680593dbb017f9a
42,full,19.956573804384817,18.88781117201183,/content/clrr_diagnostics/project/outputs_rebuttal/amis_confirmation_20261003/runs/mbart-amis-full-seed42/checkpoint-720,20.0,1303.3808932304382,383e3db76cf326abf8299a8830a35d273604bb1feb53abd15199cc0f03338fe2
43,baseline,18.13783175840788,13.159189083183897,/content/clrr_diagnostics/project/outputs_rebuttal/amis_confirmation_20261003/runs/mbart-amis-baseline-seed43/checkpoint-720,20.0,1197.4471638202667,7a2f66e8e84ca9845371ce993a1206bf1f03ee2678e25eed56111b06d1a8a227
43,lsr,19.487940500372513,18.64879720574962,/content/clrr_diagnostics/project/outputs_rebuttal/amis_confirmation_20261003/runs/mbart-amis-lsr-seed43/checkpoint-684,20.0,1265.2531740665436,db38f1c4c7c1821ab869a4ec609386ba4371fe9e356c63d77dd8d076bb25d002
43,clrr,18.942021213646687,18.082320139202448,/content/clrr_diagnostics/project/outputs_rebuttal/amis_confirmation_20261003/runs/mbart-amis-clrr-seed43/checkpoint-720,20.0,1239.8433666229248,f95673d96909405770357c545c5875d5061573c9308ad5c553dd82e152c4b079
43,full,19.61226033152559,18.475345958179492,/content/clrr_diagnostics/project/outputs_rebuttal/amis_confirmation_20261003/runs/mbart-amis-full-seed43/checkpoint-684,20.0,1298.6891112327576,a5c3fb6f16c4f28ec138292449ebf519f5ee67e24dd5e79f39bfe8220a3f2d05
44,baseline,20.30001625394848,18.901672572421678,/content/clrr_diagnostics/project/outputs_rebuttal/amis_confirmation_20261003/runs/mbart-amis-baseline-seed44/checkpoint-612,20.0,1721.5242538452148,974e3de9456f2303cd573a96257490330abc8e2584d7fce7ef168c9753e4266c
44,lsr,19.32841923655717,18.36327034476351,/content/clrr_diagnostics/project/outputs_rebuttal/amis_confirmation_20261003/runs/mbart-amis-lsr-seed44/checkpoint-720,20.0,2053.9199039936066,a79b67d48d49f9a9084d9c5fc9978ca189f65cf9cbc1338540d1246b8e948201
44,clrr,20.148450210653326,18.905467479791184,/content/clrr_diagnostics/project/outputs_rebuttal/amis_confirmation_20261003/runs/mbart-amis-clrr-seed44/checkpoint-720,20.0,1938.7057580947876,76ebae5d32d847b44f9b3ea78d8d039db22cbbbe2ef94035af480927947e2f4d
44,full,19.737135107447248,18.60648253148173,/content/clrr_diagnostics/project/outputs_rebuttal/amis_confirmation_20261003/runs/mbart-amis-full-seed44/checkpoint-648,20.0,2032.8588917255402,56841452d1ff220ad545b484e1ab33e7d8b6e56c59b7406b04ef8fb1ec90cb9a
