method,seed,epoch,step,roles,lsr_active,ce_mean,weighted_lsr_mean,weighted_lsr_ce_gradient_ratio_median,weighted_lsr_ce_gradient_ratio_min,weighted_lsr_ce_gradient_ratio_max,encoder_gradient_ratio_median,all_gradient_cosine_median,residual_rms_ratio_mean,residual_rms_ratio_max,source_effective_rank_covariance_energy,source_effective_rank_singular_values,source_top1_variance_fraction,source_mean_pairwise_cosine,target_effective_rank_covariance_energy,target_effective_rank_singular_values,target_top1_variance_fraction,target_mean_pairwise_cosine
baseline,42,1,36,early,False,3.7559625804424286,0.06193036399781704,0.006318039362026735,0.00482447790315656,0.008205900797608447,0.02132110970490663,0.06115301515113768,0.0,0.0,88.4013596561491,350.5875879197985,0.10526063601366968,0.8505626986798707,123.90893089610455,374.58036724387557,0.10314339844741006,0.5325068798013941
baseline,42,5,180,middle_fixed_epoch5,False,2.688593104481697,0.06188428541645408,0.005768871411999247,0.00441838344513258,0.007660159001912019,0.0115380671618706,0.08153877005795307,0.0,0.0,122.71732739798091,371.3745623597419,0.05712615051539423,0.5591912332899276,137.1871810874078,382.7042516170816,0.08195548385132473,0.501509863025308
lsr,42,1,36,early,True,3.770272195339203,0.05303138494491577,0.007558717272586599,0.006419310714321659,0.009741367761038575,0.02304016711197235,0.06344542615737177,0.0,0.0,84.22668426134766,349.69772048723934,0.11329104314019173,0.8403568087500308,119.20390805409785,371.783795156457,0.10919649075905678,0.5651476706023693
lsr,42,5,180,middle_fixed_epoch5,True,2.6284051686525345,0.030782848596572876,0.004861174157513722,0.004109086433276572,0.00547813793734836,0.010131865170296878,0.09756899504999039,0.0,0.0,110.5875160830927,364.9624277945495,0.07233117278789962,0.6565152300995486,127.10289618809756,374.8566551719637,0.08527925971253157,0.6762101456422094
lsr,42,20,720,late_actual_training_endpoint,True,2.908403068780899,0.02001643180847168,0.0022872394341834456,0.0018743013207653846,0.0026533638402839494,0.0037523454851353,0.059412134455961774,0.0,0.0,136.6718597731195,385.7959939831799,0.06639493096133925,0.7260182653414433,133.47084590699126,380.17318968762316,0.08163444878689095,0.7756384982541059
clrr,42,1,36,early,False,3.749488949775696,0.05957427388057113,0.004029360771242506,0.003358856714349306,0.004997103320393725,0.0167213590993959,0.04364691983279188,0.05770162077961787,0.07909738272428513,101.29504242057372,354.2820221924402,0.0843771910476711,0.8369234957230726,136.96395099462555,374.0023940717157,0.06867408180026946,0.5616788488759976
clrr,42,5,180,middle_fixed_epoch5,False,2.7105393409729004,0.06277624145150185,0.0033898914348869406,0.001987936913285724,0.0046140227683581685,0.010032191667950614,0.04648654377682284,0.058821950052919826,0.08596787601709366,128.3253843729086,372.09919666156793,0.0514175096407207,0.5285205276800263,145.97929276378963,381.415141928886,0.0624552464617485,0.5193359761569335
clrr,42,18,648,late_actual_training_endpoint,False,2.953837960958481,0.06868261191993952,0.002800632948753776,0.0023007936947983237,0.0033620073301099404,0.004949140352135558,0.053517608953178614,0.05923792452449561,0.08720376342535019,146.48736212775162,384.43845952542665,0.04243202502916615,0.39950979620253974,153.39229339021125,387.22053425267904,0.05894000058132614,0.49273859189170066
full,42,1,36,early,True,3.7721559405326843,0.05062243342399597,0.0042581953564404685,0.003568011670928252,0.005342539801323431,0.016812607762697124,0.04511711416209412,0.057854503133017314,0.0799516886472702,97.89194931901204,353.67613232870485,0.09351151750389809,0.8296211959591115,134.65851020532745,372.47486729491675,0.0709156910200229,0.592952830231516
full,42,5,180,middle_fixed_epoch5,True,2.657453551888466,0.032257288694381714,0.0033156351686296913,0.002882233654682977,0.003776708995780723,0.008410566174022338,0.08178490662928618,0.05877539280109987,0.08607583492994308,122.64795418051557,369.3487282769158,0.06020023540934864,0.6384966750951974,140.46494915267624,376.88540911747,0.06227141309022382,0.6857794515911421
full,42,20,720,late_actual_training_endpoint,True,3.00507715344429,0.02058631181716919,0.0014649872399360938,0.0012302293822663661,0.001970315744541233,0.0028969907529614964,0.061739108931829656,0.05914758992625543,0.08621055632829666,143.63829596670254,384.9452801811139,0.058763838384743326,0.723702478066947,144.3327083374412,380.6444263854204,0.06340204589741791,0.7777391281837044
baseline,43,1,36,early,False,3.8154353201389313,0.06146955722942948,0.007041712318215786,0.005632527703520313,0.008467329456199928,0.023142415260620247,0.05289434692780948,0.0,0.0,94.32550237573031,354.65629462008286,0.10891539926234164,0.8505287376314073,123.4580922371443,374.46995249881564,0.10497891265801072,0.536800410969743
baseline,43,5,180,middle_fixed_epoch5,False,2.6869573891162872,0.06252317083999515,0.005979349253139697,0.0052992034959325664,0.006568413405825623,0.011575719663656753,0.0725826279126308,0.0,0.0,124.11383450888844,374.1769610173538,0.05520660498902013,0.5321535685041435,137.07117590640738,382.2829347921556,0.0798273686270226,0.49989334342194386
baseline,43,20,720,late_actual_training_endpoint,False,2.9571666717529297,0.06645469786599278,0.004008477665061209,0.003054965993030151,0.004972903395231987,0.006687561882726632,0.061812778311884496,0.0,0.0,145.72737730968325,389.40047705085794,0.04505164791501558,0.42427638565029574,144.3917913726925,388.4555238615331,0.07628744778007465,0.4807016905294005
lsr,43,1,36,early,True,3.827755242586136,0.054062336683273315,0.006700464709210419,0.005847055801490198,0.008562087936254287,0.02265724480590619,0.056819764043423246,0.0,0.0,88.01119576541646,352.40853856830495,0.12191669736399273,0.8470411426092594,120.85672271344261,372.3446234884694,0.10592992566485084,0.5608646994591409
lsr,43,5,180,middle_fixed_epoch5,True,2.665783002972603,0.030495405197143555,0.004826692660776717,0.004427657421838519,0.005291891609675484,0.00983615748731459,0.06577823401118671,0.0,0.0,115.24436077139022,368.7187991165628,0.0700528532333167,0.6623665047034207,127.54760960139612,375.6263355998977,0.08538500193816326,0.6801535648980287
lsr,43,20,720,late_actual_training_endpoint,True,3.0009729862213135,0.019714534282684326,0.002254969288477067,0.0018969195168603292,0.002575029207967461,0.0037234390839177988,0.06775549027457935,0.0,0.0,138.54906889614313,386.78245843561984,0.06355036672253399,0.7311057749322623,131.88892935356554,379.4219793115193,0.08265565214024712,0.7830192786208784
clrr,43,1,36,early,False,3.8074547052383423,0.05898953042924404,0.003858043027584173,0.0033766281588080926,0.0048674528814289745,0.016538332780029513,0.044527381567469576,0.0577197725238673,0.07981932908296585,104.20358246986288,354.89602785680614,0.08595793384706325,0.8353645943534673,136.95712250812937,373.9505325774784,0.06891619243502095,0.5631908218533473
clrr,43,5,180,middle_fixed_epoch5,False,2.6721502989530563,0.06545902695506811,0.00371949940366023,0.0034043511629865118,0.0044202956396000165,0.008866575465454827,0.05968544766167258,0.05916568633773649,0.08717797696590424,131.60228696921018,374.7754047900258,0.05018232852037773,0.5090777700740501,147.20504565342887,382.1265533015466,0.0612451369802163,0.5168890123119869
clrr,43,20,720,late_actual_training_endpoint,False,2.981667548418045,0.06906547676771879,0.0026480925972849944,0.002430526389445687,0.0031214574171259885,0.004886447489917645,0.06614218212165593,0.0593269833305385,0.08753857761621475,148.59637720230867,385.99586572751423,0.04234948709799592,0.3986336971072586,152.38107661185447,386.7600426361286,0.0611064384865198,0.5002275965406422
full,43,1,36,early,True,3.8297751247882843,0.05238679051399231,0.005368338375534215,0.003985055621026967,0.04025060023702281,0.017409085399901953,0.04815247767534244,0.051577402367062555,0.08031170815229416,80.12579385400879,354.5340624451592,0.19463732715040574,0.7546411440665439,135.53101604713748,372.9926449066799,0.07000175946496826,0.5916245334737626
full,43,5,180,middle_fixed_epoch5,True,2.6820599287748337,0.032511308789253235,0.003222752046311026,0.002590161436655247,0.0036661845288745785,0.007306901926471357,0.06522541324611787,0.05876194040829432,0.08495579659938812,124.61122491972301,370.85724976155467,0.06034958057011387,0.6417663582696737,140.85031740275718,377.265931489931,0.0631424938717149,0.6872534834330147
full,43,20,720,late_actual_training_endpoint,True,3.0433594584465027,0.020466744899749756,0.0014700377683366682,0.0010517334453366853,0.0018944247488036305,0.0028422526072024524,0.06147264126404896,0.0590826579096352,0.0859406366944313,144.4371797328012,385.32778698636946,0.05701097177833478,0.7259166769324931,142.43578977268447,379.7213517188795,0.06529817108889996,0.7803402469555057
baseline,44,1,36,early,False,3.7612069845199585,0.06176886195316911,0.006995280831722586,0.005637028609356396,0.015455230090007746,0.023546900325291803,0.08918072941187083,0.0,0.0,57.06269120937558,346.52020665005335,0.2636142591722629,0.7805295199098076,122.93106917578017,374.021303815574,0.10466254267413211,0.535959794331591
baseline,44,5,180,middle_fixed_epoch5,False,2.6740195602178574,0.056870355270802975,0.0051943580951964476,0.004657811231404393,0.006098336551333505,0.01048907248322789,0.05902951810679529,0.0,0.0,130.39369451968028,378.31375679044174,0.05229262337698567,0.5182118659753826,137.8387122238705,384.6473375746137,0.08263014987040457,0.5119193812151954
baseline,44,20,720,late_actual_training_endpoint,False,2.9373525381088257,0.06421332620084286,0.003605385304603064,0.0029841708333465133,0.00470476688932884,0.005936526556739309,0.05879771903728391,0.0,0.0,148.5605491242002,392.9732872933026,0.04782751077605347,0.4227275671858403,145.10190921633853,392.38792988695366,0.0830668250881497,0.4785887251750985
lsr,44,1,36,early,True,3.7895613312721252,0.052370935678482056,0.007639461728479678,0.006093251479427194,0.008837286757919548,0.024030563113528115,0.07234118339020698,0.0,0.0,88.1154363603551,353.2638094070547,0.11312833691476142,0.8424545420085364,119.17699456892068,371.17195111953663,0.10843069537935571,0.5699701153334061
lsr,44,5,180,middle_fixed_epoch5,True,2.6863707900047302,0.03033137321472168,0.004716029672500937,0.004045329320388254,0.005523217324880071,0.009104126881759357,0.09020802813443646,0.0,0.0,113.3223131266478,368.0618548576331,0.06888959345268011,0.6555910022074406,125.98012768721111,373.2154067613461,0.08166684818972829,0.6778423144267033
lsr,44,20,720,late_actual_training_endpoint,True,2.9671034067869186,0.019999727606773376,0.0021368416283254303,0.001991994583550901,0.0027796373982740897,0.003555648638974845,0.05863592116709144,0.0,0.0,136.63480234154918,386.7163797685744,0.06340646287740934,0.7212427289515903,130.29608435262531,378.6695238635725,0.08495386264859889,0.775585251164301
clrr,44,1,36,early,False,3.757385164499283,0.05886813998222351,0.004039150761043124,0.00329604398664141,0.004929100825002505,0.01829793736361221,0.04563432099145717,0.05759551679196496,0.0801701620221138,99.93018707659692,353.76318043790957,0.08673768883679883,0.8345413422571034,136.50871978979958,373.6262719758374,0.06924335842335926,0.5651146472817931
clrr,44,5,180,middle_fixed_epoch5,False,2.67754065990448,0.06420979229733348,0.003992403798785887,0.0037110665272831627,0.004326489988764106,0.009569866002473969,0.06333666295427136,0.05889855849527521,0.08618000149726868,132.81941501456197,375.31400347892185,0.04831009003454819,0.5103980507048685,148.03626861550418,382.12080316608086,0.059554848050265924,0.5180250534470614
clrr,44,20,720,late_actual_training_endpoint,False,2.964162826538086,0.06843476556241512,0.002639755872622733,0.002209318951294121,0.0033198395818553055,0.004787339930541767,0.059109724589532106,0.059101142867034974,0.08778346329927444,147.5557802422118,385.7605526136887,0.043413403402067736,0.39520275027831814,152.56873202652093,386.4083791654584,0.0588264040388166,0.49695147940054885
full,44,1,36,early,True,3.7827088236808777,0.05094742774963379,0.004254436405194732,0.0034822648952205215,0.00507936422897039,0.017666499666759088,0.04986083348208447,0.05788784911484173,0.08037986606359482,98.66663903151272,353.31242629690945,0.08832749227309221,0.8319558582654693,134.22029172588506,372.04023206336126,0.07097886219047655,0.5926519467318898
full,44,5,180,middle_fixed_epoch5,True,2.685473009943962,0.031823039054870605,0.0031543985463964074,0.002925601418787524,0.0035780067908629176,0.007570471297275748,0.06903597553633431,0.058858356284165185,0.08573995530605316,124.8708155992364,370.6767163223769,0.059544274425761885,0.6463966712963181,138.78324831302174,375.6588959915568,0.0637580781719849,0.6889688022667302
full,44,20,720,late_actual_training_endpoint,True,3.003693699836731,0.02059754729270935,0.0015020814315975235,0.0013198096804362422,0.0019022918401310459,0.0027930763144462913,0.04866913385466999,0.05918757220780309,0.08677893877029419,144.4765851833636,385.6342886075528,0.057487890757497086,0.7235211689300238,141.25017189245162,379.1589019730448,0.06652806120532448,0.7813472071969735
