index,original,tokenizer_roundtrip
5,那隻狗被雞抓過，所以那隻狗再也不會靠近雞。,"那隻狗被雞抓過,所以那隻狗再也不會靠近雞。"
10,我母親要是没死，我父親就不會虐待我。,"我母親要是没死,我父親就不會虐待我。"
23,祝你身體健康！,祝你身體健康!
26,那兩個小孩，高的比矮的漂亮。,"那兩個小孩,高的比矮的漂亮。"
32,吐出來！,吐出來!
34,又來了，你到底忘了什麼？,"又來了,你到底忘了什麼?"
42,在你背後我摸到塊狀的（東西）。,在你背後我摸到塊狀的(東西)。
55,做事勤快一點！,做事勤快一點!
66,他們的先祖是太巴塱氏族。,他們的先祖是太巴氏族。
79,有人喜歡她，也有人討厭她。,"有人喜歡她,也有人討厭她。"
80,你的心臟怎麼了？,你的心臟怎麼了?
84,如果我們的天氣如此悶熱，我們的花一定枯萎。,"如果我們的天氣如此悶熱,我們的花一定枯萎。"
100,請你將腰帶繫緊！,請你將腰帶繫緊!
118,刀子都已經鈍了，妳為何還要一直使用呢？,"刀子都已經鈍了,妳為何還要一直使用呢?"
119,我們有多少人去學校？,我們有多少人去學校?
133,你所做的那件事有什麼價值？,你所做的那件事有什麼價值?
136,他不買，是因為沒有錢。,"他不買,是因為沒有錢。"
138,這個錨有多重呢？,這個錨有多重呢?
147,空一天出來，這樣你才可以來。,"空一天出來,這樣你才可以來。"
163,今天晚上要請農者吃飯所以我們急行，三步併兩步回家煮晚餐。,"今天晚上要請農者吃飯所以我們急行,三步併兩步回家煮晚餐。"
196,油一加侖多少錢？,油一加侖多少錢?
210,妹妹還不會扣鈕扣，去幫他扣鈕扣。,"妹妹還不會扣鈕扣,去幫他扣鈕扣。"
217,你等一下不要一溜煙走了！,你等一下不要一溜煙走了!
230,你是怎麼了，怎會得皮膚病？,"你是怎麼了,怎會得皮膚病?"
246,天已經陰暗了，我們收工休息。,"天已經陰暗了,我們收工休息。"
251,請在山上一捆捆柴火倒立排放儲藏，待下次我們用牛車來載。,"請在山上一捆捆柴火倒立排放儲藏,待下次我們用牛車來載。"
256,你們今天有放假嗎？,你們今天有放假嗎?
268,去跟鄰居借鋤頭！,去跟鄰居借鋤頭!
274,我們要從哪裡開始？,我們要從哪裡開始?
287,拿多一點！,拿多一點!
298,水温了，再喝。,"水温了,再喝。"
303,男生趴下，女生站起來。,"男生趴下,女生站起來。"
309,不要待人如狗！,不要待人如狗!
324,我用針刺破我腿上的疔瘡。,我用針刺破我腿上的瘡。
326,要測量你的頭，這樣我才能作合身的帽子。,"要測量你的頭,這樣我才能作合身的帽子。"
331,她駡我活該。,她我活該。
335,他喜歡頂舉別人的屁股。（他喜歡拍馬屁。）,他喜歡頂舉別人的屁股。(他喜歡拍馬屁。)
337,Osay才剛踏上火車，火車就起動了。,"Osay才剛踏上火車,火車就起動了。"
344,今年有種杮子的很幸運。,今年有種子的很幸運。
346,我的嬸嬸把我留住在太巴塱。,我的嬸嬸把我留住在太巴。
373,是什麼原因掉在水裡？,是什麼原因掉在水裡?
384,說話大聲一點，我們才能聽到。,"說話大聲一點,我們才能聽到。"
398,真的嗎？,真的嗎?
419,肉要燒成焦燼，才能燒死細菌。,"肉要燒成焦燼,才能燒死細菌。"
420,今天賣的鋁製空瓶没多少錢，但是買個小朋友的糖就聊勝於無了。,"今天賣的鋁製空瓶没多少錢,但是買個小朋友的糖就聊勝於無了。"
422,請回答我！,請回答我!
426,你今天有空嗎？,你今天有空嗎?
469,要六支筷子！,要六支筷子!
478,你會什麼？,你會什麼?
480,吃快一點！,吃快一點!
490,吃東西要咀嚼才可吞嚥！,吃東西要咀嚼才可吞嚥!
500,烏賽的媽媽在田裏給她戴上遮陽（雨）具。,烏賽的媽媽在田裏給她戴上遮陽(雨)具。
520,你口渴嗎？,你口渴嗎?
523,給小孩冠原住民的名字！,給小孩冠原住民的名字!
526,姐姐把東西繄密地置放在她的房間。,姐姐把東西密地置放在她的房間。
528,你怎麼把未成熟的木瓜給摘下來呢？,你怎麼把未成熟的木瓜給摘下來呢?
535,去拔幾根鵝毛！,去拔幾根鵝毛!
547,天太黑了，不好走。,"天太黑了,不好走。"
553,哥哥唆使弟弟去偷鄰居的紅毛杮。,哥哥唆使弟弟去偷鄰居的紅毛。
556,將火吹旺，我們來烤肉。,"將火吹旺,我們來烤肉。"
565,現在是除間苖的季節。,現在是除間的季節。
570,請唸第五課！,請唸第五課!
