backbone,method,rows,bleu_zh_original,chrfpp_raw_original,chrf_char_w0_original,chrfpp_zh_original,stored_bleu,stored_chrfpp_raw,audit_status,prediction_path
mBART,Baseline,575,19.614439864509187,14.054667992760303,18.228756276246767,22.722880188649714,19.614439864509187,14.054667992760303,MATCH_ORIGINAL_REFERENCE,results/analysis/predictions/mbart-large-50-ami-cmn-baseline.csv
mBART,CLRR+LSR,575,20.389641979862738,19.0823839997464,18.919481451572274,23.586877694723345,20.389641979862738,19.0823839997464,MATCH_ORIGINAL_REFERENCE,results/analysis/predictions/mbart-large-50-ami-cmn-jepa-clrr-enc.csv
mBART,CLRR-only,575,18.4697194429371,13.24427443445707,17.233093579161572,21.901234099294538,18.4697194429371,13.24427443445707,MATCH_ORIGINAL_REFERENCE,results/mbart-large-50/clrr-only/test_predictions.csv
mBART,LSR-only,575,19.629088095170033,18.575275118599812,18.251399268818222,22.796564353100425,20.082751495440643,16.06897773515714,MATCH_TOKENIZER_ROUNDTRIP_REFERENCE,results/mbart-large-50/lsr-only/test_predictions.csv
mBART,CLRR-Dec+LSR,575,19.918762186857276,18.699918251035317,18.383592909126605,23.11852243155841,20.398582178984505,16.193865224006256,MATCH_TOKENIZER_ROUNDTRIP_REFERENCE,results/mbart-large-50/clrr-dec/test_predictions.csv
mBART,BitFit,575,0.34628509290270376,2.255202807439759,2.9783672398686,4.440776104726901,0.3510644118103458,2.8463957321781064,MATCH_TOKENIZER_ROUNDTRIP_REFERENCE,results/mbart-large-50/bitfit/test_predictions.csv
mBART,Narrow LoRA,575,3.2364758513183802,4.4213398534216655,5.83784381098196,8.085751855493742,3.3283766331250386,5.158348017657791,MATCH_TOKENIZER_ROUNDTRIP_REFERENCE,results/mbart-large-50/lora/test_predictions.csv
mBART,Strong LoRA A,575,10.22955252303285,8.63188045805791,11.423160766663425,15.211848190154454,10.419279265557499,9.800806870941505,MATCH_TOKENIZER_ROUNDTRIP_REFERENCE,results/mbart-large-50-lora-all-linear/test_predictions.csv
mBART,Strong LoRA B,575,13.806636730562449,10.329273055770976,13.517484990417227,17.6304236261319,14.043191415300335,11.490106965542608,MATCH_TOKENIZER_ROUNDTRIP_REFERENCE,results/mbart-large-50-lora-all-linear-unfreeze-embed/test_predictions.csv
NLLB,Strong LoRA A,575,11.462464041744377,9.500394006230112,12.551995615495033,16.63141008960882,11.462464041744377,9.500394006230112,MATCH_ORIGINAL_REFERENCE,results/nllb-200/nllb-200-lora-all-linear/test_predictions.csv
NLLB,Strong LoRA B,575,9.802402158928594,8.400950051737045,11.115518124247043,14.81307590908697,9.80240215892859,8.400950051737045,MATCH_ORIGINAL_REFERENCE,results/nllb-200/nllb-200-lora-all-linear-unfreeze-embed/test_predictions.csv
mBART,Middle-Layer Alignment,575,19.289283992197944,18.437820048961946,18.029028816053437,22.619110101723745,19.724321324084165,15.525257452735413,MATCH_TOKENIZER_ROUNDTRIP_REFERENCE,outputs_rebuttal\metric_audit_20261002\mbart_middle_align_predictions.csv
