dataset,backbone,challenger,comparator,delta_bleu,delta_chrfpp,delta_diagnostic_chrfpp_zh
amis_mandarin,mBART,CLRR+LSR,Baseline,0.7752021153535509,5.027716006986099,0.8639975060736305
amis_mandarin,mBART,CLRR+LSR,CLRR-only,1.919922536925636,5.838109565289331,1.6856435954288074
amis_mandarin,mBART,CLRR+LSR,LSR-only,0.7605538846927047,0.5071088811465891,0.7903133416229196
amis_mandarin,mBART,CLRR+LSR,CLRR-Dec+LSR,0.47087979300546223,0.3824657487110841,0.46835526316493414
amis_mandarin,mBART,CLRR+LSR,BitFit,20.043356886960034,16.827181192306643,19.146101589996444
amis_mandarin,mBART,CLRR+LSR,Narrow LoRA,17.153166128544356,14.661044146324736,15.501125839229603
amis_mandarin,mBART,CLRR+LSR,Strong LoRA A,10.160089456829887,10.45050354168849,8.375029504568891
amis_mandarin,mBART,CLRR+LSR,Strong LoRA B,6.583005249300289,8.753110943975425,5.956454068591444
amis_mandarin,mBART,CLRR+LSR,Middle-Layer Alignment,1.1003579876647933,0.6445639507844554,0.9677675929995999
amis_mandarin,NLLB,CLRR+LSR,Strong LoRA A,2.8194942208056357,1.4148003739628443,2.116756746857426
amis_mandarin,NLLB,CLRR+LSR,Strong LoRA B,4.4795561036214195,2.514244328455911,3.9350909273792762
amis_mandarin,NLLB,CLRR+LSR,Baseline,0.7818120332960365,0.4763400182132713,0.6596342311190604
amis_mandarin,NLLB,CLRR+LSR,CLRR-Dec+LSR,0.8626038466111083,0.45931688456940734,0.720761604284256
amis_mandarin,NLLB,CLRR+LSR,Middle-Layer Alignment,0.31717645053185706,0.255590056671398,0.30340314396950774
amis_mandarin,NLLB,CLRR+LSR,BitFit,13.206922877765262,7.950913846561334,13.04009138788871
amis_mandarin,NLLB,CLRR+LSR,Narrow LoRA,10.743663321454672,5.9745015545795646,9.583095519345616
amis_mandarin,mT5,CLRR+LSR,Baseline,1.8073583793606778,1.2295909977898405,2.033861908652388
amis_mandarin,mT5,CLRR+LSR,CLRR-only,0.15672054894498633,-0.13363155811300498,-0.1978789861609087
amis_mandarin,mT5,CLRR+LSR,CLRR-Dec+LSR,-0.23539313180834132,-0.15075223228095957,-0.2290268045323458
amis_mandarin,mT5,CLRR+LSR,CLRR-Both+LSR,1.150149457256128,0.4672102971382275,0.9772370473329932
amis_mandarin,mT5,CLRR+LSR,Middle-Layer Alignment,-0.06646090691947482,-0.1678193458895345,-0.30320196277383005
