backbone,method,reference,extra_params,bleu,chrf++,status
google/mt5-small,Standard Fine-Tuning,Baseline,0,2.78871,3.812914,Official (Frozen)
google/mt5-small,LayerSkip,Elhoushi et al. (ACL 2024),0,3.972051,5.288554,Measured (ACL 2024)
google/mt5-small,Middle-Layer Alignment,Liu & Niehues (ACL 2025),0,4.749767,5.937303,Measured (ACL 2025)
google/mt5-small,CLRR-Enc (Ours),Proposed (Ablation),0,4.439348,5.176137,Official (Frozen)
google/mt5-small,JEPA + CLRR-Enc (Ours),Proposed (Main),0,4.596068,5.042505,Official (Frozen)
google/mt5-small,JEPA + CLRR-Dec (Ours),Proposed (Decoder-only),0,4.831513,5.187342,Official (Frozen)
facebook/mbart-large-50,Standard Fine-Tuning,Baseline,0,19.6106,14.0538,Official (Frozen)
facebook/mbart-large-50,JEPA + CLRR-Enc (Ours),Proposed (Main),0,20.3927,19.0839,Official (Frozen)
google/byt5-small,Standard Fine-Tuning,Baseline,0,7.57943,8.310188,Official (Frozen)
google/byt5-small,JEPA + CLRR-Enc (Ours),Proposed (Main),0,7.30896,8.096336,Official (Frozen)
facebook/mbart-large-50,LayerSkip,Elhoushi et al. (ACL 2024),0,19.21495251112564,15.956868158736576,Measured (This Run)
facebook/mbart-large-50,Middle-Layer Alignment,Liu & Niehues (ACL 2025),0,19.724321324084165,15.525257452735413,Measured (This Run)
facebook/mbart-large-50,JEPA + CLRR-Dec (Ours),Proposed (Decoder-only),0,20.398582178984505,16.193865224006256,Measured (This Run)
